Event Index,UTC Timestamp,UTC Date and Time,Local Timestamp,Local Timezone,Local Date and Time,Experiment ID,Experiment Version,Tree Node Key,Repeat Key,Schedule ID,Participant Public ID,Participant Private ID,Participant Starting Group,Participant Status,Participant Completion Code,Participant External Session ID,Participant Device Type,Participant Device,Participant OS,Participant Browser,Participant Monitor Size,Participant Viewport Size,Checkpoint,Room ID,Room Order,Task Name,Task Version,randomiser-jxg3,randomiser-4pcx,randomiser-rj4a,randomiser-lhwo,randomiser-2rg1,randomiser-x87o,Spreadsheet,duarion,Current Spreadsheet,Trial Number,Display,Screen,Screen ID,Screen Counter,Response Type,Response,Onset Time,Clock Time,Reaction Time,Absolute Onset Time,Absolute Clock Time,Absolute Reaction Time,Correct,Response Onset,Response Duration,Proportion,Tag,Component Name,Object Name,Object Number,Object ID,Spreadsheet: display,Spreadsheet: duration,Manipulation: Spreadsheet,Manipulation: duarion
1,1722253170675,29/07/2024 11:39:30,1722256770675,1,29/07/2024 13:39:30,161157,10,task-znge,,39253230,BLIND,11512478,,complete,,66a77f3f9b0020f63b36f3bb,computer,Desktop or Laptop,Mac OS 10.15.7,Chrome 126.0.0.0,1440x900,1440x708,,,0,Fixation+Audio,6,752ms,,,,audio,,752ms,,752ms,,,,,,info,BEGIN,,,,,,,0,,,,,,,,,,,,
2,1722253174805,29/07/2024 11:39:34,1722256774805,1,29/07/2024 13:39:34,161157,10,task-znge,,39253230,BLIND,11512478,,complete,,66a77f3f9b0020f63b36f3bb,computer,Desktop or Laptop,Mac OS 10.15.7,Chrome 126.0.0.0,1440x900,1440x708,,,0,Fixation+Audio,6,752ms,,,,audio,,752ms,,752ms,1,Instructions,Screen 1,3u35xa,1,continue,,4140.656000000745,4127.755999999999,4140.656000000745,4140.656000000745,4127.755999999999,4140.656000000745,1,4140.656000000745,0,0,,Click To Continue,Continue Button,2,object-101,Instructions,,,
3,1722253175851,29/07/2024 11:39:35,1722256775851,1,29/07/2024 13:39:35,161157,10,task-znge,,39253230,BLIND,11512478,,complete,,66a77f3f9b0020f63b36f3bb,computer,Desktop or Laptop,Mac OS 10.15.7,Chrome 126.0.0.0,1440x900,1440x708,,,0,Fixation+Audio,6,752ms,,,,audio,,752ms,,752ms,1,Fixation,Screen 1,s2knah,1,continue,,1059.6000000000004,1050.5,1059.6000000000004,1059.6000000000004,1050.5,1059.6000000000004,1,1059.6000000000004,0,0,,Space To Continue,Space To Continue,1,object-92,Fixation,,,
4,1722253175851,29/07/2024 11:39:35,1722256775851,1,29/07/2024 13:39:35,161157,10,task-znge,,39253230,BLIND,11512478,,complete,,66a77f3f9b0020f63b36f3bb,computer,Desktop or Laptop,Mac OS 10.15.7,Chrome 126.0.0.0,1440x900,1440x708,,,0,Fixation+Audio,6,752ms,,,,audio,,752ms,,752ms,1,Fixation,Screen 1,s2knah,1,continue,,1059.9000000007454,1050.5,1059.9000000007454,1059.9000000007454,1050.5,1059.9000000007454,1,1059.9000000007454,0,0,,Space To Continue,Space To Continue,1,object-92,Fixation,,,
5,1722253177922,29/07/2024 11:39:37,1722256777922,1,29/07/2024 13:39:37,161157,10,task-znge,,39253230,BLIND,11512478,,complete,,66a77f3f9b0020f63b36f3bb,computer,Desktop or Laptop,Mac OS 10.15.7,Chrome 126.0.0.0,1440x900,1440x708,,,0,Fixation+Audio,6,752ms,,,,audio,,752ms,,752ms,1,Fixation,Screen 2,61clbh,2,continue,,2079.300000000001,2079.300000000001,2079.300000000001,2079.300000000001,2079.300000000001,2079.300000000001,1,2079.300000000001,0,0,,Fixation Timing,Fixation,1,object-90,Fixation,,,
6,1722253177927,29/07/2024 11:39:37,1722256777927,1,29/07/2024 13:39:37,161157,10,task-znge,,39253230,BLIND,11512478,,complete,,66a77f3f9b0020f63b36f3bb,computer,Desktop or Laptop,Mac OS 10.15.7,Chrome 126.0.0.0,1440x900,1440x708,,,0,Fixation+Audio,6,752ms,,,,audio,,752ms,,752ms,1,Task,Stimuli,f9t134,1,info,audio started,6.4000000014893885,0,6.4000000014893885,6.4000000014893885,0,6.4000000014893885,1,6.4000000014893885,0,0,,Audio Clip,Audio Clip,1,object-93,Task,752,,
7,1722253178677,29/07/2024 11:39:38,1722256778677,1,29/07/2024 13:39:38,161157,10,task-znge,,39253230,BLIND,11512478,,complete,,66a77f3f9b0020f63b36f3bb,computer,Desktop or Laptop,Mac OS 10.15.7,Chrome 126.0.0.0,1440x900,1440x708,,,0,Fixation+Audio,6,752ms,,,,audio,,752ms,,752ms,1,Task,Stimuli,f9t134,1,timedOut,,755.9000000014894,755.0999999999985,755.9000000014894,755.9000000014894,755.0999999999985,755.9000000014894,1,755.9000000014894,0,0,,Time Limit,screen,0,screen,Task,752,,
8,1722253188477,29/07/2024 11:39:48,1722256788477,1,29/07/2024 13:39:48,161157,10,task-znge,,39253230,BLIND,11512478,,complete,,66a77f3f9b0020f63b36f3bb,computer,Desktop or Laptop,Mac OS 10.15.7,Chrome 126.0.0.0,1440x900,1440x708,,,0,Fixation+Audio,6,752ms,,,,audio,,752ms,,752ms,1,Task,Response,6e9b15,2,response,500,8836.600000000002,9785.100000000002,9800.30000000149,8836.600000000002,9785.100000000002,9800.30000000149,1,8836.600000000002,963.7000000014887,0,,Single Number Entry,Single Number Entry,1,object-79,Task,752,,
9,1722253197002,29/07/2024 11:39:57,1722256797002,1,29/07/2024 13:39:57,161157,10,task-znge,,39253230,BLIND,11512478,,complete,,66a77f3f9b0020f63b36f3bb,computer,Desktop or Laptop,Mac OS 10.15.7,Chrome 126.0.0.0,1440x900,1440x708,,,0,Fixation+Audio,6,752ms,,,,audio,,752ms,,752ms,1,End,Screen 1,rw9j8x,1,continue,,8540.300000002979,8536.399999999998,8540.300000002979,8540.300000002979,8536.399999999998,8540.300000002979,1,8540.300000002979,0,0,,Click To Continue,Continue Button,2,object-97,End,,,
10,1722253197008,29/07/2024 11:39:57,1722256797008,1,29/07/2024 13:39:57,161157,10,task-znge,,39253230,BLIND,11512478,,complete,,66a77f3f9b0020f63b36f3bb,computer,Desktop or Laptop,Mac OS 10.15.7,Chrome 126.0.0.0,1440x900,1440x708,,,0,Fixation+Audio,6,752ms,,,,audio,,752ms,,752ms,,,,,,info,END,,,,,,,0,,,,,,,,,,,,
1,1722253157738,29/07/2024 11:39:17,1722256757738,1,29/07/2024 13:39:17,161157,10,task-znge,,39253227,BLIND,11512480,,complete,,66a77f449d364c1f413c77ca,computer,Desktop or Laptop,Windows 10,Chrome 125.0.0.0,1536x1024,1536x890,,,0,Fixation+Audio,6,752ms,,,,audio,,752ms,,752ms,,,,,,info,BEGIN,,,,,,,0,,,,,,,,,,,,
2,1722253165292,29/07/2024 11:39:25,1722256765292,1,29/07/2024 13:39:25,161157,10,task-znge,,39253227,BLIND,11512480,,complete,,66a77f449d364c1f413c77ca,computer,Desktop or Laptop,Windows 10,Chrome 125.0.0.0,1536x1024,1536x890,,,0,Fixation+Audio,6,752ms,,,,audio,,752ms,,752ms,1,Instructions,Screen 1,3u35xa,1,continue,,7578.48400038147,7566.284,7578.48400038147,7578.48400038147,7566.284,7578.48400038147,1,7578.48400038147,0,0,,Click To Continue,Continue Button,2,object-101,Instructions,,,
3,1722253166504,29/07/2024 11:39:26,1722256766504,1,29/07/2024 13:39:26,161157,10,task-znge,,39253227,BLIND,11512480,,complete,,66a77f449d364c1f413c77ca,computer,Desktop or Laptop,Windows 10,Chrome 125.0.0.0,1536x1024,1536x890,,,0,Fixation+Audio,6,752ms,,,,audio,,752ms,,752ms,1,Fixation,Screen 1,s2knah,1,continue,,1224.7999998092655,1216.7000000000007,1224.7999998092655,1224.7999998092655,1216.7000000000007,1224.7999998092655,1,1224.7999998092655,0,0,,Space To Continue,Space To Continue,1,object-92,Fixation,,,
4,1722253166504,29/07/2024 11:39:26,1722256766504,1,29/07/2024 13:39:26,161157,10,task-znge,,39253227,BLIND,11512480,,complete,,66a77f449d364c1f413c77ca,computer,Desktop or Laptop,Windows 10,Chrome 125.0.0.0,1536x1024,1536x890,,,0,Fixation+Audio,6,752ms,,,,audio,,752ms,,752ms,1,Fixation,Screen 1,s2knah,1,continue,,1225.1000000000004,1216.7000000000007,1225.1000000000004,1225.1000000000004,1216.7000000000007,1225.1000000000004,1,1225.1000000000004,0,0,,Space To Continue,Space To Continue,1,object-92,Fixation,,,
5,1722253168563,29/07/2024 11:39:28,1722256768563,1,29/07/2024 13:39:28,161157,10,task-znge,,39253227,BLIND,11512480,,complete,,66a77f449d364c1f413c77ca,computer,Desktop or Laptop,Windows 10,Chrome 125.0.0.0,1536x1024,1536x890,,,0,Fixation+Audio,6,752ms,,,,audio,,752ms,,752ms,1,Fixation,Screen 2,61clbh,2,continue,,2066.5,2066.5,2066.5,2066.5,2066.5,2066.5,1,2066.5,0,0,,Fixation Timing,Fixation,1,object-90,Fixation,,,
6,1722253168568,29/07/2024 11:39:28,1722256768568,1,29/07/2024 13:39:28,161157,10,task-znge,,39253227,BLIND,11512480,,complete,,66a77f449d364c1f413c77ca,computer,Desktop or Laptop,Windows 10,Chrome 125.0.0.0,1536x1024,1536x890,,,0,Fixation+Audio,6,752ms,,,,audio,,752ms,,752ms,1,Task,Stimuli,f9t134,1,info,audio started,5.7000001907344995,0,5.7000001907344995,5.7000001907344995,0,5.7000001907344995,1,5.7000001907344995,0,0,,Audio Clip,Audio Clip,1,object-93,Task,752,,
7,1722253169313,29/07/2024 11:39:29,1722256769313,1,29/07/2024 13:39:29,161157,10,task-znge,,39253227,BLIND,11512480,,complete,,66a77f449d364c1f413c77ca,computer,Desktop or Laptop,Windows 10,Chrome 125.0.0.0,1536x1024,1536x890,,,0,Fixation+Audio,6,752ms,,,,audio,,752ms,,752ms,1,Task,Stimuli,f9t134,1,timedOut,,750.3999999999996,749.8999999999996,750.3999999999996,750.3999999999996,749.8999999999996,750.3999999999996,1,750.3999999999996,0,0,,Time Limit,screen,0,screen,Task,752,,
8,1722253183496,29/07/2024 11:39:43,1722256783496,1,29/07/2024 13:39:43,161157,10,task-znge,,39253227,BLIND,11512480,,complete,,66a77f449d364c1f413c77ca,computer,Desktop or Laptop,Windows 10,Chrome 125.0.0.0,1536x1024,1536x890,,,0,Fixation+Audio,6,752ms,,,,audio,,752ms,,752ms,1,Task,Response,6e9b15,2,response,500,13366.099999999999,14166,14175,13366.099999999999,14166,14175,1,13366.099999999999,808.9000000000015,0,,Single Number Entry,Single Number Entry,1,object-79,Task,752,,
9,1722253188623,29/07/2024 11:39:48,1722256788623,1,29/07/2024 13:39:48,161157,10,task-znge,,39253227,BLIND,11512480,,complete,,66a77f449d364c1f413c77ca,computer,Desktop or Laptop,Windows 10,Chrome 125.0.0.0,1536x1024,1536x890,,,0,Fixation+Audio,6,752ms,,,,audio,,752ms,,752ms,1,End,Screen 1,rw9j8x,1,continue,,5136.10000038147,5133.200000000001,5136.10000038147,5136.10000038147,5133.200000000001,5136.10000038147,1,5136.10000038147,0,0,,Click To Continue,Continue Button,2,object-97,End,,,
10,1722253188626,29/07/2024 11:39:48,1722256788626,1,29/07/2024 13:39:48,161157,10,task-znge,,39253227,BLIND,11512480,,complete,,66a77f449d364c1f413c77ca,computer,Desktop or Laptop,Windows 10,Chrome 125.0.0.0,1536x1024,1536x890,,,0,Fixation+Audio,6,752ms,,,,audio,,752ms,,752ms,,,,,,info,END,,,,,,,0,,,,,,,,,,,,
1,1722253324816,29/07/2024 11:42:04,1722256924816,1,29/07/2024 13:42:04,161157,10,task-znge,,39253448,BLIND,11512483,,complete,,66a77f3fa6fc7c9a5eda1248,computer,Desktop or Laptop,Windows 10,Chrome 127.0.0.0,1920x1080,952x686,,,0,Fixation+Audio,6,752ms,,,,audio,,752ms,,752ms,,,,,,info,BEGIN,,,,,,,0,,,,,,,,,,,,
2,1722253333543,29/07/2024 11:42:13,1722256933543,1,29/07/2024 13:42:13,161157,10,task-znge,,39253448,BLIND,11512483,,complete,,66a77f3fa6fc7c9a5eda1248,computer,Desktop or Laptop,Windows 10,Chrome 127.0.0.0,1920x1080,1920x919,,,0,Fixation+Audio,6,752ms,,,,audio,,752ms,,752ms,1,Instructions,Screen 1,3u35xa,1,continue,,8774.6,8758.7,8774.6,8774.6,8758.7,8774.6,1,8774.6,0,0,,Click To Continue,Continue Button,2,object-101,Instructions,,,
3,1722253335282,29/07/2024 11:42:15,1722256935282,1,29/07/2024 13:42:15,161157,10,task-znge,,39253448,BLIND,11512483,,complete,,66a77f3fa6fc7c9a5eda1248,computer,Desktop or Laptop,Windows 10,Chrome 127.0.0.0,1920x1080,1920x919,,,0,Fixation+Audio,6,752ms,,,,audio,,752ms,,752ms,1,Fixation,Screen 1,s2knah,1,continue,,1756.800000000023,1751.699999999999,1756.800000000023,1756.800000000023,1751.699999999999,1756.800000000023,1,1756.800000000023,0,0,,Space To Continue,Space To Continue,1,object-92,Fixation,,,
4,1722253335285,29/07/2024 11:42:15,1722256935285,1,29/07/2024 13:42:15,161157,10,task-znge,,39253448,BLIND,11512483,,complete,,66a77f3fa6fc7c9a5eda1248,computer,Desktop or Laptop,Windows 10,Chrome 127.0.0.0,1920x1080,1920x919,,,0,Fixation+Audio,6,752ms,,,,audio,,752ms,,752ms,1,Fixation,Screen 1,s2knah,1,continue,,1759.6999999999298,1751.699999999999,1759.6999999999298,1759.6999999999298,1751.699999999999,1759.6999999999298,1,1759.6999999999298,0,0,,Space To Continue,Space To Continue,1,object-92,Fixation,,,
5,1722253337347,29/07/2024 11:42:17,1722256937347,1,29/07/2024 13:42:17,161157,10,task-znge,,39253448,BLIND,11512483,,complete,,66a77f3fa6fc7c9a5eda1248,computer,Desktop or Laptop,Windows 10,Chrome 127.0.0.0,1920x1080,1920x919,,,0,Fixation+Audio,6,752ms,,,,audio,,752ms,,752ms,1,Fixation,Screen 2,61clbh,2,continue,,2068.7000000000007,2068.7000000000007,2068.7000000000007,2068.7000000000007,2068.7000000000007,2068.7000000000007,1,2068.7000000000007,0,0,,Fixation Timing,Fixation,1,object-90,Fixation,,,
6,1722253337353,29/07/2024 11:42:17,1722256937353,1,29/07/2024 13:42:17,161157,10,task-znge,,39253448,BLIND,11512483,,complete,,66a77f3fa6fc7c9a5eda1248,computer,Desktop or Laptop,Windows 10,Chrome 127.0.0.0,1920x1080,1920x919,,,0,Fixation+Audio,6,752ms,,,,audio,,752ms,,752ms,1,Task,Stimuli,f9t134,1,info,audio started,6.799999999930151,0,6.799999999930151,6.799999999930151,0,6.799999999930151,1,6.799999999930151,0,0,,Audio Clip,Audio Clip,1,object-93,Task,752,,
7,1722253338097,29/07/2024 11:42:18,1722256938097,1,29/07/2024 13:42:18,161157,10,task-znge,,39253448,BLIND,11512483,,complete,,66a77f3fa6fc7c9a5eda1248,computer,Desktop or Laptop,Windows 10,Chrome 127.0.0.0,1920x1080,1920x919,,,0,Fixation+Audio,6,752ms,,,,audio,,752ms,,752ms,1,Task,Stimuli,f9t134,1,timedOut,,751.5,750.7999999999993,751.5,751.5,750.7999999999993,751.5,1,751.5,0,0,,Time Limit,screen,0,screen,Task,752,,
8,1722253353473,29/07/2024 11:42:33,1722256953473,1,29/07/2024 13:42:33,161157,10,task-znge,,39253448,BLIND,11512483,,complete,,66a77f3fa6fc7c9a5eda1248,computer,Desktop or Laptop,Windows 10,Chrome 127.0.0.0,1920x1080,1920x919,,,0,Fixation+Audio,6,752ms,,,,audio,,752ms,,752ms,1,Task,Response,6e9b15,2,response,800,5872.4000000000015,15365.3,15375.799999999977,5872.4000000000015,15365.3,15375.799999999977,1,5872.4000000000015,9503.399999999976,0,,Single Number Entry,Single Number Entry,1,object-79,Task,752,,
9,1722253357758,29/07/2024 11:42:37,1722256957758,1,29/07/2024 13:42:37,161157,10,task-znge,,39253448,BLIND,11512483,,complete,,66a77f3fa6fc7c9a5eda1248,computer,Desktop or Laptop,Windows 10,Chrome 127.0.0.0,1920x1080,1920x919,,,0,Fixation+Audio,6,752ms,,,,audio,,752ms,,752ms,1,End,Screen 1,rw9j8x,1,continue,,4295.999999999978,4287.5,4295.999999999978,4295.999999999978,4287.5,4295.999999999978,1,4295.999999999978,0,0,,Click To Continue,Continue Button,2,object-97,End,,,
10,1722253357765,29/07/2024 11:42:37,1722256957765,1,29/07/2024 13:42:37,161157,10,task-znge,,39253448,BLIND,11512483,,complete,,66a77f3fa6fc7c9a5eda1248,computer,Desktop or Laptop,Windows 10,Chrome 127.0.0.0,1920x1080,1920x919,,,0,Fixation+Audio,6,752ms,,,,audio,,752ms,,752ms,,,,,,info,END,,,,,,,0,,,,,,,,,,,,
1,1722253186779,29/07/2024 11:39:46,1722256786779,1,29/07/2024 13:39:46,161157,10,task-znge,,39253243,BLIND,11512487,,complete,,66a77f4a4c7db227b08a255b,computer,Desktop or Laptop,Windows 10,Chrome 122.0.0.0,1920x1080,1920x953,,,0,Fixation+Audio,6,752ms,,,,audio,,752ms,,752ms,,,,,,info,BEGIN,,,,,,,0,,,,,,,,,,,,
2,1722253191492,29/07/2024 11:39:51,1722256791492,1,29/07/2024 13:39:51,161157,10,task-znge,,39253243,BLIND,11512487,,complete,,66a77f4a4c7db227b08a255b,computer,Desktop or Laptop,Windows 10,Chrome 122.0.0.0,1920x1080,1920x953,,,0,Fixation+Audio,6,752ms,,,,audio,,752ms,,752ms,1,Instructions,Screen 1,3u35xa,1,continue,,4737.004,4733.104,4737.004,4737.004,4733.104,4737.004,1,4737.004,0,0,,Click To Continue,Continue Button,2,object-101,Instructions,,,
3,1722253192912,29/07/2024 11:39:52,1722256792912,1,29/07/2024 13:39:52,161157,10,task-znge,,39253243,BLIND,11512487,,complete,,66a77f4a4c7db227b08a255b,computer,Desktop or Laptop,Windows 10,Chrome 122.0.0.0,1920x1080,1920x953,,,0,Fixation+Audio,6,752ms,,,,audio,,752ms,,752ms,1,Fixation,Screen 1,s2knah,1,continue,,1424.9999999046322,1416.6999999999998,1424.9999999046322,1424.9999999046322,1416.6999999999998,1424.9999999046322,1,1424.9999999046322,0,0,,Space To Continue,Space To Continue,1,object-92,Fixation,,,
4,1722253192913,29/07/2024 11:39:52,1722256792913,1,29/07/2024 13:39:52,161157,10,task-znge,,39253243,BLIND,11512487,,complete,,66a77f4a4c7db227b08a255b,computer,Desktop or Laptop,Windows 10,Chrome 122.0.0.0,1920x1080,1920x953,,,0,Fixation+Audio,6,752ms,,,,audio,,752ms,,752ms,1,Fixation,Screen 1,s2knah,1,continue,,1425.6999997138973,1416.6999999999998,1425.6999997138973,1425.6999997138973,1416.6999999999998,1425.6999997138973,1,1425.6999997138973,0,0,,Space To Continue,Space To Continue,1,object-92,Fixation,,,
5,1722253194971,29/07/2024 11:39:54,1722256794971,1,29/07/2024 13:39:54,161157,10,task-znge,,39253243,BLIND,11512487,,complete,,66a77f4a4c7db227b08a255b,computer,Desktop or Laptop,Windows 10,Chrome 122.0.0.0,1920x1080,1920x953,,,0,Fixation+Audio,6,752ms,,,,audio,,752ms,,752ms,1,Fixation,Screen 2,61clbh,2,continue,,2066.499999999999,2066.499999999999,2066.499999999999,2066.499999999999,2066.499999999999,2066.499999999999,1,2066.499999999999,0,0,,Fixation Timing,Fixation,1,object-90,Fixation,,,
6,1722253194979,29/07/2024 11:39:54,1722256794979,1,29/07/2024 13:39:54,161157,10,task-znge,,39253243,BLIND,11512487,,complete,,66a77f4a4c7db227b08a255b,computer,Desktop or Laptop,Windows 10,Chrome 122.0.0.0,1920x1080,1920x953,,,0,Fixation+Audio,6,752ms,,,,audio,,752ms,,752ms,1,Task,Stimuli,f9t134,1,info,audio started,7.899999809265864,0,7.899999809265864,7.899999809265864,0,7.899999809265864,1,7.899999809265864,0,0,,Audio Clip,Audio Clip,1,object-93,Task,752,,
7,1722253195721,29/07/2024 11:39:55,1722256795721,1,29/07/2024 13:39:55,161157,10,task-znge,,39253243,BLIND,11512487,,complete,,66a77f4a4c7db227b08a255b,computer,Desktop or Laptop,Windows 10,Chrome 122.0.0.0,1920x1080,1920x953,,,0,Fixation+Audio,6,752ms,,,,audio,,752ms,,752ms,1,Task,Stimuli,f9t134,1,timedOut,,750.599999618531,750.1000000000004,750.599999618531,750.599999618531,750.1000000000004,750.599999618531,1,750.599999618531,0,0,,Time Limit,screen,0,screen,Task,752,,
8,1722253201740,29/07/2024 11:40:01,1722256801740,1,29/07/2024 13:40:01,161157,10,task-znge,,39253243,BLIND,11512487,,complete,,66a77f4a4c7db227b08a255b,computer,Desktop or Laptop,Windows 10,Chrome 122.0.0.0,1920x1080,1920x953,,,0,Fixation+Audio,6,752ms,,,,audio,,752ms,,752ms,1,Task,Response,6e9b15,2,response,700,4516.6,6016.5,6018.199999904633,4516.6,6016.5,6018.199999904633,1,4516.6,1501.5999999046326,0,,Single Number Entry,Single Number Entry,1,object-79,Task,752,,
9,1722253206179,29/07/2024 11:40:06,1722256806179,1,29/07/2024 13:40:06,161157,10,task-znge,,39253243,BLIND,11512487,,complete,,66a77f4a4c7db227b08a255b,computer,Desktop or Laptop,Windows 10,Chrome 122.0.0.0,1920x1080,1920x953,,,0,Fixation+Audio,6,752ms,,,,audio,,752ms,,752ms,1,End,Screen 1,rw9j8x,1,continue,,4440.499999618531,4433.199999999999,4440.499999618531,4440.499999618531,4433.199999999999,4440.499999618531,1,4440.499999618531,0,0,,Click To Continue,Continue Button,2,object-97,End,,,
10,1722253206186,29/07/2024 11:40:06,1722256806186,1,29/07/2024 13:40:06,161157,10,task-znge,,39253243,BLIND,11512487,,complete,,66a77f4a4c7db227b08a255b,computer,Desktop or Laptop,Windows 10,Chrome 122.0.0.0,1920x1080,1920x953,,,0,Fixation+Audio,6,752ms,,,,audio,,752ms,,752ms,,,,,,info,END,,,,,,,0,,,,,,,,,,,,
1,1722253178228,29/07/2024 11:39:38,1722256778228,1,29/07/2024 13:39:38,161157,10,task-znge,,39253239,BLIND,11512488,,complete,,66a77f41af0b71948ea64ea2,computer,Desktop or Laptop,Windows 10,Firefox 128.0,1536x864,1536x702,,,0,Fixation+Audio,6,752ms,,,,audio,,752ms,,752ms,,,,,,info,BEGIN,,,,,,,0,,,,,,,,,,,,
2,1722253182348,29/07/2024 11:39:42,1722256782348,1,29/07/2024 13:39:42,161157,10,task-znge,,39253239,BLIND,11512488,,complete,,66a77f41af0b71948ea64ea2,computer,Desktop or Laptop,Windows 10,Firefox 128.0,1536x864,1536x702,,,0,Fixation+Audio,6,752ms,,,,audio,,752ms,,752ms,1,Instructions,Screen 1,3u35xa,1,continue,,4130.54,4116.08,4130.54,4130.54,4116.08,4130.54,1,4130.54,0,0,,Click To Continue,Continue Button,2,object-101,Instructions,,,
3,1722253183208,29/07/2024 11:39:43,1722256783208,1,29/07/2024 13:39:43,161157,10,task-znge,,39253239,BLIND,11512488,,complete,,66a77f41af0b71948ea64ea2,computer,Desktop or Laptop,Windows 10,Firefox 128.0,1536x864,1536x702,,,0,Fixation+Audio,6,752ms,,,,audio,,752ms,,752ms,1,Fixation,Screen 1,s2knah,1,continue,,873.46,866.5600000000004,873.46,873.46,866.5600000000004,873.46,1,873.46,0,0,,Space To Continue,Space To Continue,1,object-92,Fixation,,,
4,1722253183209,29/07/2024 11:39:43,1722256783209,1,29/07/2024 13:39:43,161157,10,task-znge,,39253239,BLIND,11512488,,complete,,66a77f41af0b71948ea64ea2,computer,Desktop or Laptop,Windows 10,Firefox 128.0,1536x864,1536x702,,,0,Fixation+Audio,6,752ms,,,,audio,,752ms,,752ms,1,Fixation,Screen 1,s2knah,1,continue,,873.46,866.5600000000004,873.46,873.46,866.5600000000004,873.46,1,873.46,0,0,,Space To Continue,Space To Continue,1,object-92,Fixation,,,
5,1722253185268,29/07/2024 11:39:45,1722256785268,1,29/07/2024 13:39:45,161157,10,task-znge,,39253239,BLIND,11512488,,complete,,66a77f41af0b71948ea64ea2,computer,Desktop or Laptop,Windows 10,Firefox 128.0,1536x864,1536x702,,,0,Fixation+Audio,6,752ms,,,,audio,,752ms,,752ms,1,Fixation,Screen 2,61clbh,2,continue,,2066.379999999999,2066.379999999999,2066.379999999999,2066.379999999999,2066.379999999999,2066.379999999999,1,2066.379999999999,0,0,,Fixation Timing,Fixation,1,object-90,Fixation,,,
6,1722253185272,29/07/2024 11:39:45,1722256785272,1,29/07/2024 13:39:45,161157,10,task-znge,,39253239,BLIND,11512488,,complete,,66a77f41af0b71948ea64ea2,computer,Desktop or Laptop,Windows 10,Firefox 128.0,1536x864,1536x702,,,0,Fixation+Audio,6,752ms,,,,audio,,752ms,,752ms,1,Task,Stimuli,f9t134,1,info,audio started,4.520000000000437,0,4.520000000000437,4.520000000000437,0,4.520000000000437,1,4.520000000000437,0,0,,Audio Clip,Audio Clip,1,object-93,Task,752,,
7,1722253186018,29/07/2024 11:39:46,1722256786018,1,29/07/2024 13:39:46,161157,10,task-znge,,39253239,BLIND,11512488,,complete,,66a77f41af0b71948ea64ea2,computer,Desktop or Laptop,Windows 10,Firefox 128.0,1536x864,1536x702,,,0,Fixation+Audio,6,752ms,,,,audio,,752ms,,752ms,1,Task,Stimuli,f9t134,1,timedOut,,750.5200000000004,749.8999999999996,750.5200000000004,750.5200000000004,749.8999999999996,750.5200000000004,1,750.5200000000004,0,0,,Time Limit,screen,0,screen,Task,752,,
8,1722253197446,29/07/2024 11:39:57,1722256797446,1,29/07/2024 13:39:57,161157,10,task-znge,,39253239,BLIND,11512488,,complete,,66a77f41af0b71948ea64ea2,computer,Desktop or Laptop,Windows 10,Firefox 128.0,1536x864,1536x702,,,0,Fixation+Audio,6,752ms,,,,audio,,752ms,,752ms,1,Task,Response,6e9b15,2,response,130,4716.02,11415.12,11429.62,4716.02,11415.12,11429.62,1,4716.02,6713.6,0,,Single Number Entry,Single Number Entry,1,object-79,Task,752,,
9,1722253201252,29/07/2024 11:40:01,1722256801252,1,29/07/2024 13:40:01,161157,10,task-znge,,39253239,BLIND,11512488,,complete,,66a77f41af0b71948ea64ea2,computer,Desktop or Laptop,Windows 10,Firefox 128.0,1536x864,1536x702,,,0,Fixation+Audio,6,752ms,,,,audio,,752ms,,752ms,1,End,Screen 1,rw9j8x,1,continue,,3819.5,3816.1399999999994,3819.5,3819.5,3816.1399999999994,3819.5,1,3819.5,0,0,,Click To Continue,Continue Button,2,object-97,End,,,
10,1722253201254,29/07/2024 11:40:01,1722256801254,1,29/07/2024 13:40:01,161157,10,task-znge,,39253239,BLIND,11512488,,complete,,66a77f41af0b71948ea64ea2,computer,Desktop or Laptop,Windows 10,Firefox 128.0,1536x864,1536x702,,,0,Fixation+Audio,6,752ms,,,,audio,,752ms,,752ms,,,,,,info,END,,,,,,,0,,,,,,,,,,,,
1,1722253188713,29/07/2024 11:39:48,1722256788713,1,29/07/2024 13:39:48,161157,10,task-znge,,39253244,BLIND,11512490,,complete,,66a77f46d10d5213bc9d2f20,computer,Desktop or Laptop,Mac OS 10.15.7,Chrome 126.0.0.0,1280x800,1163x648,,,0,Fixation+Audio,6,752ms,,,,audio,,752ms,,752ms,,,,,,info,BEGIN,,,,,,,0,,,,,,,,,,,,
2,1722254304084,29/07/2024 11:58:24,1722257904084,1,29/07/2024 13:58:24,161157,10,task-znge,,39253244,BLIND,11512490,,complete,,66a77f46d10d5213bc9d2f20,computer,Desktop or Laptop,Mac OS 10.15.7,Chrome 126.0.0.0,1280x800,1163x648,,,0,Fixation+Audio,6,752ms,,,,audio,,752ms,,752ms,1,Instructions,Screen 1,3u35xa,1,continue,,1115335.9999999993,1115320,1115335.9999999993,1115335.9999999993,1115320,1115335.9999999993,1,1115335.9999999993,0,0,,Click To Continue,Continue Button,2,object-101,Instructions,,,
3,1722254304898,29/07/2024 11:58:24,1722257904898,1,29/07/2024 13:58:24,161157,10,task-znge,,39253244,BLIND,11512490,,complete,,66a77f46d10d5213bc9d2f20,computer,Desktop or Laptop,Mac OS 10.15.7,Chrome 126.0.0.0,1280x800,1163x648,,,0,Fixation+Audio,6,752ms,,,,audio,,752ms,,752ms,1,Fixation,Screen 1,s2knah,1,continue,,831.8000000000466,817,831.8000000000466,831.8000000000466,817,831.8000000000466,1,831.8000000000466,0,0,,Space To Continue,Space To Continue,1,object-92,Fixation,,,
4,1722254304899,29/07/2024 11:58:24,1722257904899,1,29/07/2024 13:58:24,161157,10,task-znge,,39253244,BLIND,11512490,,complete,,66a77f46d10d5213bc9d2f20,computer,Desktop or Laptop,Mac OS 10.15.7,Chrome 126.0.0.0,1280x800,1163x648,,,0,Fixation+Audio,6,752ms,,,,audio,,752ms,,752ms,1,Fixation,Screen 1,s2knah,1,continue,,832.1999999985565,817,832.1999999985565,832.1999999985565,817,832.1999999985565,1,832.1999999985565,0,0,,Space To Continue,Space To Continue,1,object-92,Fixation,,,
5,1722254306952,29/07/2024 11:58:26,1722257906952,1,29/07/2024 13:58:26,161157,10,task-znge,,39253244,BLIND,11512490,,complete,,66a77f46d10d5213bc9d2f20,computer,Desktop or Laptop,Mac OS 10.15.7,Chrome 126.0.0.0,1280x800,1163x648,,,0,Fixation+Audio,6,752ms,,,,audio,,752ms,,752ms,1,Fixation,Screen 2,61clbh,2,continue,,2067.5,2067.5,2067.5,2067.5,2067.5,2067.5,1,2067.5,0,0,,Fixation Timing,Fixation,1,object-90,Fixation,,,
6,1722254306957,29/07/2024 11:58:26,1722257906957,1,29/07/2024 13:58:26,161157,10,task-znge,,39253244,BLIND,11512490,,complete,,66a77f46d10d5213bc9d2f20,computer,Desktop or Laptop,Mac OS 10.15.7,Chrome 126.0.0.0,1280x800,1163x648,,,0,Fixation+Audio,6,752ms,,,,audio,,752ms,,752ms,1,Task,Stimuli,f9t134,1,info,audio started,6.499999999301508,0,6.499999999301508,6.499999999301508,0,6.499999999301508,1,6.499999999301508,0,0,,Audio Clip,Audio Clip,1,object-93,Task,752,,
7,1722254307703,29/07/2024 11:58:27,1722257907703,1,29/07/2024 13:58:27,161157,10,task-znge,,39253244,BLIND,11512490,,complete,,66a77f46d10d5213bc9d2f20,computer,Desktop or Laptop,Mac OS 10.15.7,Chrome 126.0.0.0,1280x800,1163x648,,,0,Fixation+Audio,6,752ms,,,,audio,,752ms,,752ms,1,Task,Stimuli,f9t134,1,timedOut,,751.9000000015367,750.1000000000931,751.9000000015367,751.9000000015367,750.1000000000931,751.9000000015367,1,751.9000000015367,0,0,,Time Limit,screen,0,screen,Task,752,,
8,1722254313335,29/07/2024 11:58:33,1722257913335,1,29/07/2024 13:58:33,161157,10,task-znge,,39253244,BLIND,11512490,,complete,,66a77f46d10d5213bc9d2f20,computer,Desktop or Laptop,Mac OS 10.15.7,Chrome 126.0.0.0,1280x800,1163x648,,,0,Fixation+Audio,6,752ms,,,,audio,,752ms,,752ms,1,Task,Response,6e9b15,2,response,400,4168.5,5617.899999999907,5633.999999999767,4168.5,5617.899999999907,5633.999999999767,1,4168.5,1465.4999999997672,0,,Single Number Entry,Single Number Entry,1,object-79,Task,752,,
9,1722254316221,29/07/2024 11:58:36,1722257916221,1,29/07/2024 13:58:36,161157,10,task-znge,,39253244,BLIND,11512490,,complete,,66a77f46d10d5213bc9d2f20,computer,Desktop or Laptop,Mac OS 10.15.7,Chrome 126.0.0.0,1280x800,1163x648,,,0,Fixation+Audio,6,752ms,,,,audio,,752ms,,752ms,1,End,Screen 1,rw9j8x,1,continue,,2900.3000000000466,2884.600000000093,2900.3000000000466,2900.3000000000466,2884.600000000093,2900.3000000000466,1,2900.3000000000466,0,0,,Click To Continue,Continue Button,2,object-97,End,,,
10,1722254316232,29/07/2024 11:58:36,1722257916232,1,29/07/2024 13:58:36,161157,10,task-znge,,39253244,BLIND,11512490,,complete,,66a77f46d10d5213bc9d2f20,computer,Desktop or Laptop,Mac OS 10.15.7,Chrome 126.0.0.0,1280x800,1163x648,,,0,Fixation+Audio,6,752ms,,,,audio,,752ms,,752ms,,,,,,info,END,,,,,,,0,,,,,,,,,,,,
1,1722253223964,29/07/2024 11:40:23,1722256823964,1,29/07/2024 13:40:23,161157,10,task-znge,,39253342,BLIND,11512491,,complete,,66a77f432214e3ba62d1c407,computer,Desktop or Laptop,Windows 10,Chrome 127.0.0.0,1128x752,1128x625,,,0,Fixation+Audio,6,752ms,,,,audio,,752ms,,752ms,,,,,,info,BEGIN,,,,,,,0,,,,,,,,,,,,
2,1722253231205,29/07/2024 11:40:31,1722256831205,1,29/07/2024 13:40:31,161157,10,task-znge,,39253342,BLIND,11512491,,complete,,66a77f432214e3ba62d1c407,computer,Desktop or Laptop,Windows 10,Chrome 127.0.0.0,1128x752,1128x625,,,0,Fixation+Audio,6,752ms,,,,audio,,752ms,,752ms,1,Instructions,Screen 1,3u35xa,1,continue,,7252.124000095368,7243.224,7252.124000095368,7252.124000095368,7243.224,7252.124000095368,1,7252.124000095368,0,0,,Click To Continue,Continue Button,2,object-101,Instructions,,,
3,1722253232579,29/07/2024 11:40:32,1722256832579,1,29/07/2024 13:40:32,161157,10,task-znge,,39253342,BLIND,11512491,,complete,,66a77f432214e3ba62d1c407,computer,Desktop or Laptop,Windows 10,Chrome 127.0.0.0,1128x752,1128x625,,,0,Fixation+Audio,6,752ms,,,,audio,,752ms,,752ms,1,Fixation,Screen 1,s2knah,1,continue,,1386.7999999523163,1383.2999999999993,1386.7999999523163,1386.7999999523163,1383.2999999999993,1386.7999999523163,1,1386.7999999523163,0,0,,Space To Continue,Space To Continue,1,object-92,Fixation,,,
4,1722253232579,29/07/2024 11:40:32,1722256832579,1,29/07/2024 13:40:32,161157,10,task-znge,,39253342,BLIND,11512491,,complete,,66a77f432214e3ba62d1c407,computer,Desktop or Laptop,Windows 10,Chrome 127.0.0.0,1128x752,1128x625,,,0,Fixation+Audio,6,752ms,,,,audio,,752ms,,752ms,1,Fixation,Screen 1,s2knah,1,continue,,1387.2000000476837,1383.2999999999993,1387.2000000476837,1387.2000000476837,1383.2999999999993,1387.2000000476837,1,1387.2000000476837,0,0,,Space To Continue,Space To Continue,1,object-92,Fixation,,,
5,1722253234643,29/07/2024 11:40:34,1722256834643,1,29/07/2024 13:40:34,161157,10,task-znge,,39253342,BLIND,11512491,,complete,,66a77f432214e3ba62d1c407,computer,Desktop or Laptop,Windows 10,Chrome 127.0.0.0,1128x752,1128x625,,,0,Fixation+Audio,6,752ms,,,,audio,,752ms,,752ms,1,Fixation,Screen 2,61clbh,2,continue,,2066.800000000001,2066.800000000001,2066.800000000001,2066.800000000001,2066.800000000001,2066.800000000001,1,2066.800000000001,0,0,,Fixation Timing,Fixation,1,object-90,Fixation,,,
6,1722253234647,29/07/2024 11:40:34,1722256834647,1,29/07/2024 13:40:34,161157,10,task-znge,,39253342,BLIND,11512491,,complete,,66a77f432214e3ba62d1c407,computer,Desktop or Laptop,Windows 10,Chrome 127.0.0.0,1128x752,1128x625,,,0,Fixation+Audio,6,752ms,,,,audio,,752ms,,752ms,1,Task,Stimuli,f9t134,1,info,audio started,4.800000095367068,0,4.800000095367068,4.800000095367068,0,4.800000095367068,1,4.800000095367068,0,0,,Audio Clip,Audio Clip,1,object-93,Task,752,,
7,1722253235393,29/07/2024 11:40:35,1722256835393,1,29/07/2024 13:40:35,161157,10,task-znge,,39253342,BLIND,11512491,,complete,,66a77f432214e3ba62d1c407,computer,Desktop or Laptop,Windows 10,Chrome 127.0.0.0,1128x752,1128x625,,,0,Fixation+Audio,6,752ms,,,,audio,,752ms,,752ms,1,Task,Stimuli,f9t134,1,timedOut,,750.9999999046322,750.1000000000004,750.9999999046322,750.9999999046322,750.1000000000004,750.9999999046322,1,750.9999999046322,0,0,,Time Limit,screen,0,screen,Task,752,,
8,1722253257628,29/07/2024 11:40:57,1722256857628,1,29/07/2024 13:40:57,161157,10,task-znge,,39253342,BLIND,11512491,,complete,,66a77f432214e3ba62d1c407,computer,Desktop or Laptop,Windows 10,Chrome 127.0.0.0,1128x752,1128x625,,,0,Fixation+Audio,6,752ms,,,,audio,,752ms,,752ms,1,Task,Response,6e9b15,2,response,500,10000.2,22216.999999999996,22233.699999999993,10000.2,22216.999999999996,22233.699999999993,1,10000.2,12233.499999999993,0,,Single Number Entry,Single Number Entry,1,object-79,Task,752,,
9,1722253263275,29/07/2024 11:41:03,1722256863275,1,29/07/2024 13:41:03,161157,10,task-znge,,39253342,BLIND,11512491,,complete,,66a77f432214e3ba62d1c407,computer,Desktop or Laptop,Windows 10,Chrome 127.0.0.0,1128x752,1128x625,,,0,Fixation+Audio,6,752ms,,,,audio,,752ms,,752ms,1,End,Screen 1,rw9j8x,1,continue,,5665.800000000003,5650.200000000004,5665.800000000003,5665.800000000003,5650.200000000004,5665.800000000003,1,5665.800000000003,0,0,,Click To Continue,Continue Button,2,object-97,End,,,
10,1722253263278,29/07/2024 11:41:03,1722256863278,1,29/07/2024 13:41:03,161157,10,task-znge,,39253342,BLIND,11512491,,complete,,66a77f432214e3ba62d1c407,computer,Desktop or Laptop,Windows 10,Chrome 127.0.0.0,1128x752,1128x625,,,0,Fixation+Audio,6,752ms,,,,audio,,752ms,,752ms,,,,,,info,END,,,,,,,0,,,,,,,,,,,,
1,1722254639413,29/07/2024 12:03:59,1722258239413,1,29/07/2024 14:03:59,161157,10,task-znge,,39253430,BLIND,11512494,,complete,,66a77f47e8a3052d4025f6fe,computer,Desktop or Laptop,Mac OS 10.15.7,Chrome 126.0.0.0,1920x1080,1616x839,,,0,Fixation+Audio,6,752ms,,,,audio,,752ms,,752ms,,,,,,info,BEGIN,,,,,,,0,,,,,,,,,,,,
2,1722254654405,29/07/2024 12:04:14,1722258254405,1,29/07/2024 14:04:14,161157,10,task-znge,,39253430,BLIND,11512494,,complete,,66a77f47e8a3052d4025f6fe,computer,Desktop or Laptop,Mac OS 10.15.7,Chrome 126.0.0.0,1920x1080,1616x839,,,0,Fixation+Audio,6,752ms,,,,audio,,752ms,,752ms,1,Instructions,Screen 1,3u35xa,1,continue,,15013.19999999404,15000.2,15013.19999999404,15013.19999999404,15000.2,15013.19999999404,1,15013.19999999404,0,0,,Click To Continue,Continue Button,2,object-101,Instructions,,,
3,1722254656249,29/07/2024 12:04:16,1722258256249,1,29/07/2024 14:04:16,161157,10,task-znge,,39253430,BLIND,11512494,,complete,,66a77f47e8a3052d4025f6fe,computer,Desktop or Laptop,Mac OS 10.15.7,Chrome 126.0.0.0,1920x1080,1616x839,,,0,Fixation+Audio,6,752ms,,,,audio,,752ms,,752ms,1,Fixation,Screen 1,s2knah,1,continue,,1857.6000000029799,1851.9999999999982,1857.6000000029799,1857.6000000029799,1851.9999999999982,1857.6000000029799,1,1857.6000000029799,0,0,,Space To Continue,Space To Continue,1,object-92,Fixation,,,
4,1722254656250,29/07/2024 12:04:16,1722258256250,1,29/07/2024 14:04:16,161157,10,task-znge,,39253430,BLIND,11512494,,complete,,66a77f47e8a3052d4025f6fe,computer,Desktop or Laptop,Mac OS 10.15.7,Chrome 126.0.0.0,1920x1080,1616x839,,,0,Fixation+Audio,6,752ms,,,,audio,,752ms,,752ms,1,Fixation,Screen 1,s2knah,1,continue,,1857.9999999940392,1851.9999999999982,1857.9999999940392,1857.9999999940392,1851.9999999999982,1857.9999999940392,1,1857.9999999940392,0,0,,Space To Continue,Space To Continue,1,object-92,Fixation,,,
5,1722254658314,29/07/2024 12:04:18,1722258258314,1,29/07/2024 14:04:18,161157,10,task-znge,,39253430,BLIND,11512494,,complete,,66a77f47e8a3052d4025f6fe,computer,Desktop or Laptop,Mac OS 10.15.7,Chrome 126.0.0.0,1920x1080,1616x839,,,0,Fixation+Audio,6,752ms,,,,audio,,752ms,,752ms,1,Fixation,Screen 2,61clbh,2,continue,,2068.300000000003,2068.300000000003,2068.300000000003,2068.300000000003,2068.300000000003,2068.300000000003,1,2068.300000000003,0,0,,Fixation Timing,Fixation,1,object-90,Fixation,,,
6,1722254658317,29/07/2024 12:04:18,1722258258317,1,29/07/2024 14:04:18,161157,10,task-znge,,39253430,BLIND,11512494,,complete,,66a77f47e8a3052d4025f6fe,computer,Desktop or Laptop,Mac OS 10.15.7,Chrome 126.0.0.0,1920x1080,1616x839,,,0,Fixation+Audio,6,752ms,,,,audio,,752ms,,752ms,1,Task,Stimuli,f9t134,1,info,audio started,4.899999997018313,0,4.899999997018313,4.899999997018313,0,4.899999997018313,1,4.899999997018313,0,0,,Audio Clip,Audio Clip,1,object-93,Task,752,,
7,1722254659065,29/07/2024 12:04:19,1722258259065,1,29/07/2024 14:04:19,161157,10,task-znge,,39253430,BLIND,11512494,,complete,,66a77f47e8a3052d4025f6fe,computer,Desktop or Laptop,Mac OS 10.15.7,Chrome 126.0.0.0,1920x1080,1616x839,,,0,Fixation+Audio,6,752ms,,,,audio,,752ms,,752ms,1,Task,Stimuli,f9t134,1,timedOut,,752.4999999910578,751,752.4999999910578,752.4999999910578,751,752.4999999910578,1,752.4999999910578,0,0,,Time Limit,screen,0,screen,Task,752,,
8,1722254677956,29/07/2024 12:04:37,1722258277956,1,29/07/2024 14:04:37,161157,10,task-znge,,39253430,BLIND,11512494,,complete,,66a77f47e8a3052d4025f6fe,computer,Desktop or Laptop,Mac OS 10.15.7,Chrome 126.0.0.0,1920x1080,1616x839,,,0,Fixation+Audio,6,752ms,,,,audio,,752ms,,752ms,1,Task,Response,6e9b15,2,response,100,14081.699999999997,18887.4,18893.1,14081.699999999997,18887.4,18893.1,1,14081.699999999997,4811.4000000000015,0,,Single Number Entry,Single Number Entry,1,object-79,Task,752,,
9,1722254681089,29/07/2024 12:04:41,1722258281089,1,29/07/2024 14:04:41,161157,10,task-znge,,39253430,BLIND,11512494,,complete,,66a77f47e8a3052d4025f6fe,computer,Desktop or Laptop,Mac OS 10.15.7,Chrome 126.0.0.0,1920x1080,1616x839,,,0,Fixation+Audio,6,752ms,,,,audio,,752ms,,752ms,1,End,Screen 1,rw9j8x,1,continue,,3138.5999999910564,3136.699999999997,3138.5999999910564,3138.5999999910564,3136.699999999997,3138.5999999910564,1,3138.5999999910564,0,0,,Click To Continue,Continue Button,2,object-97,End,,,
10,1722254681090,29/07/2024 12:04:41,1722258281090,1,29/07/2024 14:04:41,161157,10,task-znge,,39253430,BLIND,11512494,,complete,,66a77f47e8a3052d4025f6fe,computer,Desktop or Laptop,Mac OS 10.15.7,Chrome 126.0.0.0,1920x1080,1616x839,,,0,Fixation+Audio,6,752ms,,,,audio,,752ms,,752ms,,,,,,info,END,,,,,,,0,,,,,,,,,,,,
1,1722253215605,29/07/2024 11:40:15,1722256815605,1,29/07/2024 13:40:15,161157,10,task-znge,,39253326,BLIND,11512496,,complete,,66a77f4532e7575b13460a68,computer,Desktop or Laptop,Windows 10,Opera 112.0.0.0,1280x720,1278x551,,,0,Fixation+Audio,6,752ms,,,,audio,,752ms,,752ms,,,,,,info,BEGIN,,,,,,,0,,,,,,,,,,,,
2,1722253220701,29/07/2024 11:40:20,1722256820701,1,29/07/2024 13:40:20,161157,10,task-znge,,39253326,BLIND,11512496,,complete,,66a77f4532e7575b13460a68,computer,Desktop or Laptop,Windows 10,Opera 112.0.0.0,1280x720,1278x551,,,0,Fixation+Audio,6,752ms,,,,audio,,752ms,,752ms,1,Instructions,Screen 1,3u35xa,1,continue,,5112.308,5095.608,5112.308,5112.308,5095.608,5112.308,1,5112.308,0,0,,Click To Continue,Continue Button,2,object-101,Instructions,,,
3,1722253221960,29/07/2024 11:40:21,1722256821960,1,29/07/2024 13:40:21,161157,10,task-znge,,39253326,BLIND,11512496,,complete,,66a77f4532e7575b13460a68,computer,Desktop or Laptop,Windows 10,Opera 112.0.0.0,1280x720,1278x551,,,0,Fixation+Audio,6,752ms,,,,audio,,752ms,,752ms,1,Fixation,Screen 1,s2knah,1,continue,,1277.8999999985099,1265.6999999999998,1277.8999999985099,1277.8999999985099,1265.6999999999998,1277.8999999985099,1,1277.8999999985099,0,0,,Space To Continue,Space To Continue,1,object-92,Fixation,,,
4,1722253221960,29/07/2024 11:40:21,1722256821960,1,29/07/2024 13:40:21,161157,10,task-znge,,39253326,BLIND,11512496,,complete,,66a77f4532e7575b13460a68,computer,Desktop or Laptop,Windows 10,Opera 112.0.0.0,1280x720,1278x551,,,0,Fixation+Audio,6,752ms,,,,audio,,752ms,,752ms,1,Fixation,Screen 1,s2knah,1,continue,,1278.8000000044703,1265.6999999999998,1278.8000000044703,1278.8000000044703,1265.6999999999998,1278.8000000044703,1,1278.8000000044703,0,0,,Space To Continue,Space To Continue,1,object-92,Fixation,,,
5,1722253224013,29/07/2024 11:40:24,1722256824013,1,29/07/2024 13:40:24,161157,10,task-znge,,39253326,BLIND,11512496,,complete,,66a77f4532e7575b13460a68,computer,Desktop or Laptop,Windows 10,Opera 112.0.0.0,1280x720,1278x551,,,0,Fixation+Audio,6,752ms,,,,audio,,752ms,,752ms,1,Fixation,Screen 2,61clbh,2,continue,,2064.8,2064.8,2064.8,2064.8,2064.8,2064.8,1,2064.8,0,0,,Fixation Timing,Fixation,1,object-90,Fixation,,,
6,1722253224018,29/07/2024 11:40:24,1722256824018,1,29/07/2024 13:40:24,161157,10,task-znge,,39253326,BLIND,11512496,,complete,,66a77f4532e7575b13460a68,computer,Desktop or Laptop,Windows 10,Opera 112.0.0.0,1280x720,1278x551,,,0,Fixation+Audio,6,752ms,,,,audio,,752ms,,752ms,1,Task,Stimuli,f9t134,1,info,audio started,5.700000002980232,0,5.700000002980232,5.700000002980232,0,5.700000002980232,1,5.700000002980232,0,0,,Audio Clip,Audio Clip,1,object-93,Task,752,,
7,1722253224763,29/07/2024 11:40:24,1722256824763,1,29/07/2024 13:40:24,161157,10,task-znge,,39253326,BLIND,11512496,,complete,,66a77f4532e7575b13460a68,computer,Desktop or Laptop,Windows 10,Opera 112.0.0.0,1280x720,1278x551,,,0,Fixation+Audio,6,752ms,,,,audio,,752ms,,752ms,1,Task,Stimuli,f9t134,1,timedOut,,750.5,749.5,750.5,750.5,749.5,750.5,1,750.5,0,0,,Time Limit,screen,0,screen,Task,752,,
8,1722253248185,29/07/2024 11:40:48,1722256848185,1,29/07/2024 13:40:48,161157,10,task-znge,,39253326,BLIND,11512496,,complete,,66a77f4532e7575b13460a68,computer,Desktop or Laptop,Windows 10,Opera 112.0.0.0,1280x720,1278x551,,,0,Fixation+Audio,6,752ms,,,,audio,,752ms,,752ms,1,Task,Response,6e9b15,2,response,100,9392.5,23414.1,23422.60000000149,9392.5,23414.1,23422.60000000149,1,9392.5,14030.10000000149,0,,Single Number Entry,Single Number Entry,1,object-79,Task,752,,
9,1722253254294,29/07/2024 11:40:54,1722256854294,1,29/07/2024 13:40:54,161157,10,task-znge,,39253326,BLIND,11512496,,complete,,66a77f4532e7575b13460a68,computer,Desktop or Laptop,Windows 10,Opera 112.0.0.0,1280x720,1278x551,,,0,Fixation+Audio,6,752ms,,,,audio,,752ms,,752ms,1,End,Screen 1,rw9j8x,1,continue,,6117.799999998511,6111.5999999999985,6117.799999998511,6117.799999998511,6111.5999999999985,6117.799999998511,1,6117.799999998511,0,0,,Click To Continue,Continue Button,2,object-97,End,,,
10,1722253254307,29/07/2024 11:40:54,1722256854307,1,29/07/2024 13:40:54,161157,10,task-znge,,39253326,BLIND,11512496,,complete,,66a77f4532e7575b13460a68,computer,Desktop or Laptop,Windows 10,Opera 112.0.0.0,1280x720,1278x551,,,0,Fixation+Audio,6,752ms,,,,audio,,752ms,,752ms,,,,,,info,END,,,,,,,0,,,,,,,,,,,,
1,1722253255841,29/07/2024 11:40:55,1722256855841,1,29/07/2024 13:40:55,161157,10,task-znge,,39253396,BLIND,11512500,,complete,,66a77f4806e7a57fea5da4ff,computer,Desktop or Laptop,Windows 10,Chrome 127.0.0.0,1366x768,1366x633,,,0,Fixation+Audio,6,752ms,,,,audio,,752ms,,752ms,,,,,,info,BEGIN,,,,,,,0,,,,,,,,,,,,
2,1722253274799,29/07/2024 11:41:14,1722256874799,1,29/07/2024 13:41:14,161157,10,task-znge,,39253396,BLIND,11512500,,complete,,66a77f4806e7a57fea5da4ff,computer,Desktop or Laptop,Windows 10,Chrome 127.0.0.0,1366x768,1366x633,,,0,Fixation+Audio,6,752ms,,,,audio,,752ms,,752ms,1,Instructions,Screen 1,3u35xa,1,continue,,18984.434,18966.934,18984.434,18984.434,18966.934,18984.434,1,18984.434,0,0,,Click To Continue,Continue Button,2,object-101,Instructions,,,
3,1722253276916,29/07/2024 11:41:16,1722256876916,1,29/07/2024 13:41:16,161157,10,task-znge,,39253396,BLIND,11512500,,complete,,66a77f4806e7a57fea5da4ff,computer,Desktop or Laptop,Windows 10,Chrome 127.0.0.0,1366x768,1366x633,,,0,Fixation+Audio,6,752ms,,,,audio,,752ms,,752ms,1,Fixation,Screen 1,s2knah,1,continue,,2135.9000000119195,2132.2999999999993,2135.9000000119195,2135.9000000119195,2132.2999999999993,2135.9000000119195,1,2135.9000000119195,0,0,,Space To Continue,Space To Continue,1,object-92,Fixation,,,
4,1722253276916,29/07/2024 11:41:16,1722256876916,1,29/07/2024 13:41:16,161157,10,task-znge,,39253396,BLIND,11512500,,complete,,66a77f4806e7a57fea5da4ff,computer,Desktop or Laptop,Windows 10,Chrome 127.0.0.0,1366x768,1366x633,,,0,Fixation+Audio,6,752ms,,,,audio,,752ms,,752ms,1,Fixation,Screen 1,s2knah,1,continue,,2136.4000000119195,2132.2999999999993,2136.4000000119195,2136.4000000119195,2132.2999999999993,2136.4000000119195,1,2136.4000000119195,0,0,,Space To Continue,Space To Continue,1,object-92,Fixation,,,
5,1722253278981,29/07/2024 11:41:18,1722256878981,1,29/07/2024 13:41:18,161157,10,task-znge,,39253396,BLIND,11512500,,complete,,66a77f4806e7a57fea5da4ff,computer,Desktop or Laptop,Windows 10,Chrome 127.0.0.0,1366x768,1366x633,,,0,Fixation+Audio,6,752ms,,,,audio,,752ms,,752ms,1,Fixation,Screen 2,61clbh,2,continue,,2067.899999999998,2067.899999999998,2067.899999999998,2067.899999999998,2067.899999999998,2067.899999999998,1,2067.899999999998,0,0,,Fixation Timing,Fixation,1,object-90,Fixation,,,
6,1722253278986,29/07/2024 11:41:18,1722256878986,1,29/07/2024 13:41:18,161157,10,task-znge,,39253396,BLIND,11512500,,complete,,66a77f4806e7a57fea5da4ff,computer,Desktop or Laptop,Windows 10,Chrome 127.0.0.0,1366x768,1366x633,,,0,Fixation+Audio,6,752ms,,,,audio,,752ms,,752ms,1,Task,Stimuli,f9t134,1,info,audio started,6.000000023843313,0,6.000000023843313,6.000000023843313,0,6.000000023843313,1,6.000000023843313,0,0,,Audio Clip,Audio Clip,1,object-93,Task,752,,
7,1722253279730,29/07/2024 11:41:19,1722256879730,1,29/07/2024 13:41:19,161157,10,task-znge,,39253396,BLIND,11512500,,complete,,66a77f4806e7a57fea5da4ff,computer,Desktop or Laptop,Windows 10,Chrome 127.0.0.0,1366x768,1366x633,,,0,Fixation+Audio,6,752ms,,,,audio,,752ms,,752ms,1,Task,Stimuli,f9t134,1,timedOut,,750.2000000119224,749.6000000000022,750.2000000119224,750.2000000119224,749.6000000000022,750.2000000119224,1,750.2000000119224,0,0,,Time Limit,screen,0,screen,Task,752,,
8,1722253289502,29/07/2024 11:41:29,1722256889502,1,29/07/2024 13:41:29,161157,10,task-znge,,39253396,BLIND,11512500,,complete,,66a77f4806e7a57fea5da4ff,computer,Desktop or Laptop,Windows 10,Chrome 127.0.0.0,1366x768,1366x633,,,0,Fixation+Audio,6,752ms,,,,audio,,752ms,,752ms,1,Task,Response,6e9b15,2,response,200,7381.999999999996,9750.2,9768.500000000004,7381.999999999996,9750.2,9768.500000000004,1,7381.999999999996,2386.5000000000073,0,,Single Number Entry,Single Number Entry,1,object-79,Task,752,,
9,1722253296600,29/07/2024 11:41:36,1722256896600,1,29/07/2024 13:41:36,161157,10,task-znge,,39253396,BLIND,11512500,,complete,,66a77f4806e7a57fea5da4ff,computer,Desktop or Laptop,Windows 10,Chrome 127.0.0.0,1366x768,1366x633,,,0,Fixation+Audio,6,752ms,,,,audio,,752ms,,752ms,1,End,Screen 1,rw9j8x,1,continue,,7120.5999999999985,7114.699999999997,7120.5999999999985,7120.5999999999985,7114.699999999997,7120.5999999999985,1,7120.5999999999985,0,0,,Click To Continue,Continue Button,2,object-97,End,,,
10,1722253296605,29/07/2024 11:41:36,1722256896605,1,29/07/2024 13:41:36,161157,10,task-znge,,39253396,BLIND,11512500,,complete,,66a77f4806e7a57fea5da4ff,computer,Desktop or Laptop,Windows 10,Chrome 127.0.0.0,1366x768,1366x633,,,0,Fixation+Audio,6,752ms,,,,audio,,752ms,,752ms,,,,,,info,END,,,,,,,0,,,,,,,,,,,,
1,1722253268460,29/07/2024 11:41:08,1722256868460,1,29/07/2024 13:41:08,161157,10,task-znge,,39253407,BLIND,11512505,,complete,,66a77f44b09c8c29b05a3510,computer,Desktop or Laptop,Windows 10,Firefox 128.0,1536x864,1536x739,,,0,Fixation+Audio,6,752ms,,,,audio,,752ms,,752ms,,,,,,info,BEGIN,,,,,,,0,,,,,,,,,,,,
2,1722253274963,29/07/2024 11:41:14,1722256874963,1,29/07/2024 13:41:14,161157,10,task-znge,,39253407,BLIND,11512505,,complete,,66a77f44b09c8c29b05a3510,computer,Desktop or Laptop,Windows 10,Firefox 128.0,1536x864,1536x739,,,0,Fixation+Audio,6,752ms,,,,audio,,752ms,,752ms,1,Instructions,Screen 1,3u35xa,1,continue,,6541.5599999999995,6527.219999999999,6541.5599999999995,6541.5599999999995,6527.219999999999,6541.5599999999995,1,6541.5599999999995,0,0,,Click To Continue,Continue Button,2,object-101,Instructions,,,
3,1722253276220,29/07/2024 11:41:16,1722256876220,1,29/07/2024 13:41:16,161157,10,task-znge,,39253407,BLIND,11512505,,complete,,66a77f44b09c8c29b05a3510,computer,Desktop or Laptop,Windows 10,Firefox 128.0,1536x864,1536x739,,,0,Fixation+Audio,6,752ms,,,,audio,,752ms,,752ms,1,Fixation,Screen 1,s2knah,1,continue,,1270.3400000000001,1265.4799999999996,1270.3400000000001,1270.3400000000001,1265.4799999999996,1270.3400000000001,1,1270.3400000000001,0,0,,Space To Continue,Space To Continue,1,object-92,Fixation,,,
4,1722253276221,29/07/2024 11:41:16,1722256876221,1,29/07/2024 13:41:16,161157,10,task-znge,,39253407,BLIND,11512505,,complete,,66a77f44b09c8c29b05a3510,computer,Desktop or Laptop,Windows 10,Firefox 128.0,1536x864,1536x739,,,0,Fixation+Audio,6,752ms,,,,audio,,752ms,,752ms,1,Fixation,Screen 1,s2knah,1,continue,,1272.3400000000001,1265.4799999999996,1272.3400000000001,1272.3400000000001,1265.4799999999996,1272.3400000000001,1,1272.3400000000001,0,0,,Space To Continue,Space To Continue,1,object-92,Fixation,,,
5,1722253278281,29/07/2024 11:41:18,1722256878281,1,29/07/2024 13:41:18,161157,10,task-znge,,39253407,BLIND,11512505,,complete,,66a77f44b09c8c29b05a3510,computer,Desktop or Laptop,Windows 10,Firefox 128.0,1536x864,1536x739,,,0,Fixation+Audio,6,752ms,,,,audio,,752ms,,752ms,1,Fixation,Screen 2,61clbh,2,continue,,2064.74,2064.74,2064.74,2064.74,2064.74,2064.74,1,2064.74,0,0,,Fixation Timing,Fixation,1,object-90,Fixation,,,
6,1722253278291,29/07/2024 11:41:18,1722256878291,1,29/07/2024 13:41:18,161157,10,task-znge,,39253407,BLIND,11512505,,complete,,66a77f44b09c8c29b05a3510,computer,Desktop or Laptop,Windows 10,Firefox 128.0,1536x864,1536x739,,,0,Fixation+Audio,6,752ms,,,,audio,,752ms,,752ms,1,Task,Stimuli,f9t134,1,info,audio started,11.1200000000008,0,11.1200000000008,11.1200000000008,0,11.1200000000008,1,11.1200000000008,0,0,,Audio Clip,Audio Clip,1,object-93,Task,752,,
7,1722253279030,29/07/2024 11:41:19,1722256879030,1,29/07/2024 13:41:19,161157,10,task-znge,,39253407,BLIND,11512505,,complete,,66a77f44b09c8c29b05a3510,computer,Desktop or Laptop,Windows 10,Firefox 128.0,1536x864,1536x739,,,0,Fixation+Audio,6,752ms,,,,audio,,752ms,,752ms,1,Task,Stimuli,f9t134,1,timedOut,,750.1200000000008,749.2800000000007,750.1200000000008,750.1200000000008,749.2800000000007,750.1200000000008,1,750.1200000000008,0,0,,Time Limit,screen,0,screen,Task,752,,
8,1722253297406,29/07/2024 11:41:37,1722256897406,1,29/07/2024 13:41:37,161157,10,task-znge,,39253407,BLIND,11512505,,complete,,66a77f44b09c8c29b05a3510,computer,Desktop or Laptop,Windows 10,Firefox 128.0,1536x864,1536x739,,,0,Fixation+Audio,6,752ms,,,,audio,,752ms,,752ms,1,Task,Response,6e9b15,2,response,1000,16850.88,18366.14,18376.84,16850.88,18366.14,18376.84,1,16850.88,1525.9599999999991,0,,Single Number Entry,Single Number Entry,1,object-79,Task,752,,
9,1722253300057,29/07/2024 11:41:40,1722256900057,1,29/07/2024 13:41:40,161157,10,task-znge,,39253407,BLIND,11512505,,complete,,66a77f44b09c8c29b05a3510,computer,Desktop or Laptop,Windows 10,Firefox 128.0,1536x864,1536x739,,,0,Fixation+Audio,6,752ms,,,,audio,,752ms,,752ms,1,End,Screen 1,rw9j8x,1,continue,,2661.7000000000007,2647.5200000000004,2661.7000000000007,2661.7000000000007,2647.5200000000004,2661.7000000000007,1,2661.7000000000007,0,0,,Click To Continue,Continue Button,2,object-97,End,,,
10,1722253300059,29/07/2024 11:41:40,1722256900059,1,29/07/2024 13:41:40,161157,10,task-znge,,39253407,BLIND,11512505,,complete,,66a77f44b09c8c29b05a3510,computer,Desktop or Laptop,Windows 10,Firefox 128.0,1536x864,1536x739,,,0,Fixation+Audio,6,752ms,,,,audio,,752ms,,752ms,,,,,,info,END,,,,,,,0,,,,,,,,,,,,
1,1722253204199,29/07/2024 11:40:04,1722256804199,1,29/07/2024 13:40:04,161157,10,task-znge,,39253432,BLIND,11512522,,complete,,66a77f49018eda608d676027,computer,Desktop or Laptop,Windows 10,Chrome 127.0.0.0,1280x720,1280x593,,,0,Fixation+Audio,6,752ms,,,,audio,,752ms,,752ms,,,,,,info,BEGIN,,,,,,,0,,,,,,,,,,,,
2,1722253221310,29/07/2024 11:40:21,1722256821310,1,29/07/2024 13:40:21,161157,10,task-znge,,39253432,BLIND,11512522,,complete,,66a77f49018eda608d676027,computer,Desktop or Laptop,Windows 10,Chrome 127.0.0.0,1280x720,1280x593,,,0,Fixation+Audio,6,752ms,,,,audio,,752ms,,752ms,1,Instructions,Screen 1,3u35xa,1,continue,,17132.699999999997,17115.899999999998,17132.699999999997,17132.699999999997,17115.899999999998,17132.699999999997,1,17132.699999999997,0,0,,Click To Continue,Continue Button,2,object-101,Instructions,,,
3,1722253222645,29/07/2024 11:40:22,1722256822645,1,29/07/2024 13:40:22,161157,10,task-znge,,39253432,BLIND,11512522,,complete,,66a77f49018eda608d676027,computer,Desktop or Laptop,Windows 10,Chrome 127.0.0.0,1280x720,1280x593,,,0,Fixation+Audio,6,752ms,,,,audio,,752ms,,752ms,1,Fixation,Screen 1,s2knah,1,continue,,1353.7999999985113,1349.800000000003,1353.7999999985113,1353.7999999985113,1349.800000000003,1353.7999999985113,1,1353.7999999985113,0,0,,Space To Continue,Space To Continue,1,object-92,Fixation,,,
4,1722253222646,29/07/2024 11:40:22,1722256822646,1,29/07/2024 13:40:22,161157,10,task-znge,,39253432,BLIND,11512522,,complete,,66a77f49018eda608d676027,computer,Desktop or Laptop,Windows 10,Chrome 127.0.0.0,1280x720,1280x593,,,0,Fixation+Audio,6,752ms,,,,audio,,752ms,,752ms,1,Fixation,Screen 1,s2knah,1,continue,,1354.499999994041,1349.800000000003,1354.499999994041,1354.499999994041,1349.800000000003,1354.499999994041,1,1354.499999994041,0,0,,Space To Continue,Space To Continue,1,object-92,Fixation,,,
5,1722253224709,29/07/2024 11:40:24,1722256824709,1,29/07/2024 13:40:24,161157,10,task-znge,,39253432,BLIND,11512522,,complete,,66a77f49018eda608d676027,computer,Desktop or Laptop,Windows 10,Chrome 127.0.0.0,1280x720,1280x593,,,0,Fixation+Audio,6,752ms,,,,audio,,752ms,,752ms,1,Fixation,Screen 2,61clbh,2,continue,,2066.699999999997,2066.699999999997,2066.699999999997,2066.699999999997,2066.699999999997,2066.699999999997,1,2066.699999999997,0,0,,Fixation Timing,Fixation,1,object-90,Fixation,,,
6,1722253224715,29/07/2024 11:40:24,1722256824715,1,29/07/2024 13:40:24,161157,10,task-znge,,39253432,BLIND,11512522,,complete,,66a77f49018eda608d676027,computer,Desktop or Laptop,Windows 10,Chrome 127.0.0.0,1280x720,1280x593,,,0,Fixation+Audio,6,752ms,,,,audio,,752ms,,752ms,1,Task,Stimuli,f9t134,1,info,audio started,7.400000000001455,0,7.400000000001455,7.400000000001455,0,7.400000000001455,1,7.400000000001455,0,0,,Audio Clip,Audio Clip,1,object-93,Task,752,,
7,1722253225459,29/07/2024 11:40:25,1722256825459,1,29/07/2024 13:40:25,161157,10,task-znge,,39253432,BLIND,11512522,,complete,,66a77f49018eda608d676027,computer,Desktop or Laptop,Windows 10,Chrome 127.0.0.0,1280x720,1280x593,,,0,Fixation+Audio,6,752ms,,,,audio,,752ms,,752ms,1,Task,Stimuli,f9t134,1,timedOut,,751.4000000000015,750.0999999999985,751.4000000000015,751.4000000000015,750.0999999999985,751.4000000000015,1,751.4000000000015,0,0,,Time Limit,screen,0,screen,Task,752,,
8,1722253240241,29/07/2024 11:40:40,1722256840241,1,29/07/2024 13:40:40,161157,10,task-znge,,39253432,BLIND,11512522,,complete,,66a77f49018eda608d676027,computer,Desktop or Laptop,Windows 10,Chrome 127.0.0.0,1280x720,1280x593,,,0,Fixation+Audio,6,752ms,,,,audio,,752ms,,752ms,1,Task,Response,6e9b15,2,response,900,12916.200000000004,14766,14782.599999999999,12916.200000000004,14766,14782.599999999999,1,12916.200000000004,1866.3999999999942,0,,Single Number Entry,Single Number Entry,1,object-79,Task,752,,
9,1722253247893,29/07/2024 11:40:47,1722256847893,1,29/07/2024 13:40:47,161157,10,task-znge,,39253432,BLIND,11512522,,complete,,66a77f49018eda608d676027,computer,Desktop or Laptop,Windows 10,Chrome 127.0.0.0,1280x720,1280x593,,,0,Fixation+Audio,6,752ms,,,,audio,,752ms,,752ms,1,End,Screen 1,rw9j8x,1,continue,,7669.399999994042,7666.600000000006,7669.399999994042,7669.399999994042,7666.600000000006,7669.399999994042,1,7669.399999994042,0,0,,Click To Continue,Continue Button,2,object-97,End,,,
10,1722253247900,29/07/2024 11:40:47,1722256847900,1,29/07/2024 13:40:47,161157,10,task-znge,,39253432,BLIND,11512522,,complete,,66a77f49018eda608d676027,computer,Desktop or Laptop,Windows 10,Chrome 127.0.0.0,1280x720,1280x593,,,0,Fixation+Audio,6,752ms,,,,audio,,752ms,,752ms,,,,,,info,END,,,,,,,0,,,,,,,,,,,,
END OF FILE
